event,side,entry_time,entry_price,exit_time,exit_price,reason,lots,risk_usd,sl,tp,gross,pnl,r
2017-05-05T12:30,short,2017-05-05 12:30:00+00:00,1232.2791,2017-05-05 13:30:00+00:00,1229.1779999999999,timeout,0.01,3.0,1232.1779999999999,0.0,3.1011000000000877,3.031100000000088,1.010366666666696
2017-06-02T12:30,long,2017-06-02 12:30:00+00:00,1263.8503,2017-06-02 13:30:00+00:00,1276.097,timeout,0.01,3.0,1273.097,0.0,12.246699999999919,12.176699999999919,4.058899999999973
2017-07-07T12:30,short,2017-07-07 12:30:00+00:00,1221.4494,2017-07-07 12:34:00+00:00,1224.7135,stop,0.01,3.0,1224.4494,0.0,-3.2641000000000986,-3.3341000000000984,-1.1113666666666995
2017-07-07T12:30,long,2017-07-07 12:33:00+00:00,1223.4444999999998,2017-07-07 13:01:00+00:00,1220.2838,stop,0.01,3.0,1220.4444999999998,0.0,-3.160699999999906,-3.230699999999906,-1.0768999999999687
2017-08-04T12:30,short,2017-08-04 12:30:00+00:00,1266.7905,2017-08-04 13:30:00+00:00,1262.117,timeout,0.01,3.0,1264.4889999999998,0.0,4.673500000000104,4.603500000000103,1.5345000000000344
2017-09-01T12:30,long,2017-09-01 12:30:00+00:00,1321.3271,2017-09-01 12:44:00+00:00,1325.0766,stop,0.01,3.0,1325.259,0.0,3.7495000000001255,3.6795000000001257,1.226500000000042
2017-10-06T12:30,long,2017-10-06 12:30:00+00:00,1269.569,2017-10-06 12:30:00+00:00,1265.956,stop,0.01,3.0,1266.569,0.0,-3.6130000000000564,-3.6830000000000562,-1.2276666666666853
2017-10-06T12:30,short,2017-10-06 12:30:00+00:00,1267.143,2017-10-06 13:30:00+00:00,1265.441,timeout,0.01,3.0,1266.813,0.0,1.7019999999999982,1.6319999999999981,0.5439999999999994
2017-11-03T12:30,long,2017-11-03 12:30:00+00:00,1277.2087999999999,2017-11-03 13:30:00+00:00,1277.377,timeout,0.01,3.0,1274.2087999999999,0.0,0.16820000000006985,0.09820000000006984,0.032733333333356616
2017-12-01T13:30,short,2017-12-01 13:31:00+00:00,1274.132,2017-12-01 14:30:00+00:00,1273.7110000000002,timeout,0.01,3.0,1277.132,0.0,0.42099999999982174,0.35099999999982173,0.11699999999994058
2018-01-05T13:30,short,2018-01-05 13:30:00+00:00,1315.9891,2018-01-05 13:30:00+00:00,1319.568,stop,0.01,3.0,1318.9891,0.0,-3.578899999999976,-3.648899999999976,-1.216299999999992
2018-01-05T13:30,long,2018-01-05 13:30:00+00:00,1318.3468999999998,2018-01-05 14:07:00+00:00,1318.8259,stop,0.01,3.0,1319.162,0.0,0.4790000000002692,0.4090000000002692,0.13633333333342307
2018-02-02T13:30,short,2018-02-02 13:30:00+00:00,1344.1727,2018-02-02 14:30:00+00:00,1340.8890000000001,timeout,0.01,3.0,1343.8890000000001,0.0,3.2836999999999534,3.2136999999999536,1.071233333333318
2018-03-02T13:30,long,2018-03-02 13:30:00+00:00,1322.7211,2018-03-02 14:30:00+00:00,1324.934,timeout,0.01,3.0,1319.7211,0.0,2.2128999999999905,2.1428999999999907,0.7142999999999969
2018-04-06T12:30,long,2018-04-06 12:30:00+00:00,1323.2372,2018-04-06 12:41:00+00:00,1327.0928,stop,0.01,3.0,1327.369,0.0,3.8555999999998676,3.7855999999998677,1.2618666666666225
2018-05-04T12:30,long,2018-05-04 12:30:00+00:00,1311.5712,2018-05-04 13:18:00+00:00,1308.3393,stop,0.01,3.0,1308.5712,0.0,-3.231899999999996,-3.301899999999996,-1.100633333333332
2018-06-01T12:30,short,2018-06-01 12:30:00+00:00,1292.9289,2018-06-01 13:30:00+00:00,1293.5649999999998,timeout,0.01,3.0,1295.9289,0.0,-0.6360999999997148,-0.7060999999997148,-0.2353666666665716
2018-07-06T12:30,short,2018-07-06 12:31:00+00:00,1254.2267,2018-07-06 12:31:00+00:00,1257.533,stop,0.01,3.0,1257.2267,0.0,-3.3062999999999647,-3.3762999999999646,-1.1254333333333215
2018-07-06T12:30,long,2018-07-06 12:30:00+00:00,1256.1597999999997,2018-07-06 13:30:00+00:00,1256.237,timeout,0.01,3.0,1253.1597999999997,0.0,0.07720000000040272,0.007200000000402718,0.002400000000134239
2018-08-03T12:30,long,2018-08-03 12:30:00+00:00,1213.5065,2018-08-03 13:30:00+00:00,1215.716,timeout,0.01,3.0,1214.098,0.0,2.2094999999999345,2.1394999999999347,0.7131666666666449
2018-09-07T12:30,short,2018-09-07 12:30:00+00:00,1200.7929000000001,2018-09-07 13:30:00+00:00,1197.3213,stop,0.01,3.0,1197.202,0.0,3.4716000000000804,3.4016000000000806,1.1338666666666934
2018-10-05T12:30,long,2018-10-05 12:30:00+00:00,1203.2169999999999,2018-10-05 12:39:00+00:00,1200.0095999999999,stop,0.01,3.0,1200.2169999999999,0.0,-3.207400000000007,-3.2774000000000068,-1.092466666666669
2018-10-05T12:30,short,2018-10-05 12:33:00+00:00,1201.431,2018-10-05 12:59:00+00:00,1204.5338000000002,stop,0.01,3.0,1204.431,0.0,-3.1028000000001157,-3.1728000000001155,-1.0576000000000385
2018-11-02T12:30,long,2018-11-02 12:30:00+00:00,1236.2842999999998,2018-11-02 12:30:00+00:00,1232.9299999999998,stop,0.01,3.0,1233.2842999999998,0.0,-3.3542999999999665,-3.4242999999999664,-1.1414333333333222
2018-11-02T12:30,short,2018-11-02 12:30:00+00:00,1234.3757,2018-11-02 13:11:00+00:00,1233.2483000000002,stop,0.01,3.0,1233.0910000000001,0.0,1.1273999999998523,1.0573999999998522,0.3524666666666174
2018-12-07T13:30,long,2018-12-07 13:30:00+00:00,1241.4125,2018-12-07 13:41:00+00:00,1241.8686,stop,0.01,3.0,1242.153,0.0,0.45610000000010587,0.38610000000010586,0.1287000000000353
2019-01-04T13:30,short,2019-01-04 13:30:00+00:00,1289.3226000000002,2019-01-04 14:30:00+00:00,1282.808,timeout,0.01,3.0,1285.808,0.0,6.5146000000002005,6.4446000000002,2.1482000000000667
2019-02-01T13:30,short,2019-02-01 13:30:00+00:00,1320.4998,2019-02-01 13:45:00+00:00,1323.7153,stop,0.01,3.0,1323.4998,0.0,-3.21550000000002,-3.28550000000002,-1.0951666666666733
2019-03-01T13:30,short,2019-03-01 13:31:00+00:00,1305.3141,2019-03-01 14:30:00+00:00,1306.5700000000002,timeout,0.01,3.0,1308.3141,0.0,-1.2559000000001106,-1.3259000000001107,-0.44196666666670353
2019-04-05T12:30,long,2019-04-05 12:30:00+00:00,1291.8323,2019-04-05 12:30:00+00:00,1288.5245,stop,0.01,3.0,1288.8323,0.0,-3.307800000000043,-3.3778000000000428,-1.1259333333333477
2019-04-05T12:30,short,2019-04-05 12:30:00+00:00,1290.0167000000001,2019-04-05 12:54:00+00:00,1288.0513,stop,0.01,3.0,1287.8020000000001,0.0,1.965400000000045,1.895400000000045,0.631800000000015
2019-05-03T12:30,short,2019-05-03 12:30:00+00:00,1271.1207000000002,2019-05-03 12:40:00+00:00,1274.2711000000002,stop,0.01,3.0,1274.1207000000002,0.0,-3.1503999999999905,-3.2203999999999904,-1.0734666666666635
2019-06-07T12:30,long,2019-06-07 12:30:00+00:00,1338.6741999999997,2019-06-07 12:50:00+00:00,1341.3691000000001,stop,0.01,3.0,1341.835,0.0,2.694900000000416,2.6249000000004163,0.8749666666668054
2019-07-05T12:30,short,2019-07-05 12:30:00+00:00,1412.1176000000003,2019-07-05 12:34:00+00:00,1400.4035000000001,stop,0.01,3.0,1400.0980000000002,0.0,11.714100000000144,11.644100000000144,3.8813666666667146
2019-08-02T12:30,short,2019-08-02 12:30:00+00:00,1435.6992000000002,2019-08-02 12:30:00+00:00,1439.3550000000002,stop,0.01,3.0,1438.6992000000002,0.0,-3.6557999999999993,-3.725799999999999,-1.2419333333333331
2019-08-02T12:30,long,2019-08-02 12:30:00+00:00,1438.2108,2019-08-02 12:41:00+00:00,1435.037,stop,0.01,3.0,1435.2108,0.0,-3.1738000000000284,-3.243800000000028,-1.0812666666666761
2019-09-06T12:30,short,2019-09-06 12:30:00+00:00,1504.9649000000004,2019-09-06 12:30:00+00:00,1508.9780000000005,stop,0.01,3.0,1507.9649000000004,0.0,-4.013100000000122,-4.0831000000001225,-1.3610333333333742
2019-09-06T12:30,long,2019-09-06 12:30:00+00:00,1508.1911,2019-09-06 12:33:00+00:00,1510.9934,stop,0.01,3.0,1511.249,0.0,2.8023000000000593,2.7323000000000595,0.9107666666666865
2019-10-04T12:30,long,2019-10-04 12:30:00+00:00,1510.5461,2019-10-04 12:30:00+00:00,1506.488,stop,0.01,3.0,1507.5461,0.0,-4.058099999999968,-4.128099999999968,-1.3760333333333226
2019-10-04T12:30,short,2019-10-04 12:30:00+00:00,1507.2299000000003,2019-10-04 12:31:00+00:00,1510.5586000000003,stop,0.01,3.0,1510.2299000000003,0.0,-3.328700000000026,-3.398700000000026,-1.1329000000000087
2019-11-01T12:30,long,2019-11-01 12:30:00+00:00,1512.2805,2019-11-01 12:30:00+00:00,1508.576,stop,0.01,3.0,1509.2805,0.0,-3.7045000000000528,-3.7745000000000526,-1.2581666666666842
2019-11-01T12:30,short,2019-11-01 12:30:00+00:00,1509.5415,2019-11-01 12:45:00+00:00,1507.1250000000002,stop,0.01,3.0,1506.9830000000002,0.0,2.4164999999998145,2.3464999999998146,0.7821666666666048
2019-12-06T13:30,long,2019-12-06 13:30:00+00:00,1480.0302000000001,2019-12-06 13:30:00+00:00,1475.518,stop,0.01,3.0,1477.0302000000001,0.0,-4.512200000000121,-4.582200000000121,-1.5274000000000403
2019-12-06T13:30,short,2019-12-06 13:30:00+00:00,1475.6478000000002,2019-12-06 13:58:00+00:00,1469.9555000000003,stop,0.01,3.0,1469.7690000000002,0.0,5.692299999999932,5.622299999999932,1.8740999999999772
2020-01-03T13:30,long,2020-01-03 13:31:00+00:00,1543.4433,2020-01-03 14:30:00+00:00,1546.001,timeout,0.01,3.0,1544.789,0.0,2.557700000000068,2.487700000000068,0.829233333333356
2020-02-07T13:30,short,2020-02-07 13:30:00+00:00,1563.9528000000003,2020-02-07 13:34:00+00:00,1567.1180000000002,stop,0.01,3.0,1566.9528000000003,0.0,-3.1651999999999134,-3.2351999999999133,-1.0783999999999712
2020-02-07T13:30,long,2020-02-07 13:32:00+00:00,1565.9229,2020-02-07 14:30:00+00:00,1571.93,timeout,0.01,3.0,1568.93,0.0,6.007100000000037,5.9371000000000365,1.9790333333333454
2020-03-06T13:30,short,2020-03-06 13:30:00+00:00,1678.7043,2020-03-06 13:30:00+00:00,1682.5680000000002,stop,0.01,3.0,1681.7043,0.0,-3.863700000000108,-3.933700000000108,-1.3112333333333692
2020-03-06T13:30,long,2020-03-06 13:30:00+00:00,1681.6317000000001,2020-03-06 13:33:00+00:00,1678.0207,stop,0.01,3.0,1678.6317000000001,0.0,-3.6110000000001037,-3.6810000000001035,-1.2270000000000345
2020-04-03T12:30,long,2020-04-03 12:30:00+00:00,1618.4383,2020-04-03 12:31:00+00:00,1614.8974,stop,0.01,3.0,1615.4383,0.0,-3.540899999999965,-3.610899999999965,-1.2036333333333216
2020-04-03T12:30,short,2020-04-03 12:30:00+00:00,1616.7196999999999,2020-04-03 12:37:00+00:00,1619.8457999999998,stop,0.01,3.0,1619.7196999999999,0.0,-3.1260999999999513,-3.196099999999951,-1.0653666666666504
2020-05-01T12:30,short,2020-05-01 12:30:00+00:00,1678.8932000000002,2020-05-01 12:31:00+00:00,1682.0575000000001,stop,0.01,3.0,1681.8932000000002,0.0,-3.164299999999912,-3.234299999999912,-1.0780999999999705
2020-05-01T12:30,long,2020-05-01 12:30:00+00:00,1680.5287999999998,2020-05-01 12:36:00+00:00,1677.2043999999999,stop,0.01,3.0,1677.5287999999998,0.0,-3.3243999999999687,-3.3943999999999686,-1.1314666666666562
2020-06-05T12:30,short,2020-06-05 12:30:00+00:00,1699.4708,2020-06-05 12:37:00+00:00,1694.6456,stop,0.01,3.0,1694.328,0.0,4.825199999999995,4.755199999999995,1.585066666666665
2020-07-02T12:30,short,2020-07-02 12:30:00+00:00,1765.7458000000001,2020-07-02 12:32:00+00:00,1769.2436000000002,stop,0.01,3.0,1768.7458000000001,0.0,-3.4978000000000975,-3.5678000000000973,-1.1892666666666991
2020-07-02T12:30,long,2020-07-02 12:31:00+00:00,1767.5785,2020-07-02 12:34:00+00:00,1764.1073000000001,stop,0.01,3.0,1764.5785,0.0,-3.4711999999999534,-3.5411999999999533,-1.1803999999999844
2020-08-07T12:30,short,2020-08-07 12:30:00+00:00,2048.0602,2020-08-07 12:32:00+00:00,2051.6769,stop,0.01,3.0,2051.0602,0.0,-3.616700000000037,-3.686700000000037,-1.2289000000000123
2020-08-07T12:30,long,2020-08-07 12:31:00+00:00,2050.5788,2020-08-07 12:35:00+00:00,2051.6364,stop,0.01,3.0,2051.979,0.0,1.0576000000000931,0.9876000000000931,0.329200000000031
2020-09-04T12:30,long,2020-09-04 12:30:00+00:00,1942.4052000000001,2020-09-04 12:30:00+00:00,1937.8740000000003,stop,0.01,3.0,1939.4052000000001,0.0,-4.531199999999899,-4.601199999999899,-1.5337333333332996
2020-09-04T12:30,short,2020-09-04 12:30:00+00:00,1938.0058000000004,2020-09-04 12:36:00+00:00,1931.0041000000003,stop,0.01,3.0,1930.5660000000003,0.0,7.001700000000028,6.931700000000028,2.3105666666666758
2020-10-02T12:30,long,2020-10-02 12:30:00+00:00,1910.1121,2020-10-02 12:30:00+00:00,1906.805,stop,0.01,3.0,1907.1121,0.0,-3.3070999999999913,-3.377099999999991,-1.125699999999997
2020-10-02T12:30,short,2020-10-02 12:30:00+00:00,1908.2979000000003,2020-10-02 12:31:00+00:00,1911.6852000000003,stop,0.01,3.0,1911.2979000000003,0.0,-3.3873000000000957,-3.4573000000000955,-1.1524333333333652
2020-11-06T13:30,long,2020-11-06 13:30:00+00:00,1956.0357000000001,2020-11-06 13:30:00+00:00,1952.469,stop,0.01,3.0,1953.0357000000001,0.0,-3.5667000000000826,-3.6367000000000824,-1.2122333333333608
2020-11-06T13:30,short,2020-11-06 13:30:00+00:00,1953.7023000000002,2020-11-06 13:37:00+00:00,1957.0296,stop,0.01,3.0,1956.7023000000002,0.0,-3.327299999999923,-3.3972999999999227,-1.1324333333333076
2020-12-04T13:30,long,2020-12-04 13:30:00+00:00,1842.5139,2020-12-04 13:32:00+00:00,1839.1158,stop,0.01,3.0,1839.5139,0.0,-3.3980999999998858,-3.4680999999998856,-1.1560333333332953
2020-12-04T13:30,short,2020-12-04 13:32:00+00:00,1840.2389000000003,2020-12-04 13:34:00+00:00,1840.1947,stop,0.01,3.0,1839.8410000000001,0.0,0.044200000000273576,-0.02579999999972643,-0.00859999999990881
2021-01-08T13:30,long,2021-01-08 13:30:00+00:00,1886.689,2021-01-08 13:30:00+00:00,1882.915,stop,0.01,3.0,1883.689,0.0,-3.7740000000001146,-3.8440000000001144,-1.2813333333333714
2021-01-08T13:30,short,2021-01-08 13:30:00+00:00,1883.941,2021-01-08 13:32:00+00:00,1887.3471,stop,0.01,3.0,1886.941,0.0,-3.406099999999924,-3.476099999999924,-1.1586999999999745
2021-02-05T13:30,long,2021-02-05 13:30:00+00:00,1798.4458,2021-02-05 13:53:00+00:00,1802.9025,stop,0.01,3.0,1803.194,0.0,4.456699999999955,4.386699999999955,1.4622333333333184
2021-03-05T13:30,short,2021-03-05 13:30:00+00:00,1694.7145,2021-03-05 13:35:00+00:00,1692.6845,stop,0.01,3.0,1692.227,0.0,2.0299999999999727,1.9599999999999727,0.6533333333333242
2021-05-07T12:30,long,2021-05-07 12:30:00+00:00,1820.287,2021-05-07 12:33:00+00:00,1829.8039999999999,stop,0.01,3.0,1830.367,0.0,9.516999999999825,9.446999999999825,3.148999999999942
2021-06-04T12:30,long,2021-06-04 12:30:00+00:00,1871.8818,2021-06-04 12:36:00+00:00,1877.8222,stop,0.01,3.0,1878.049,0.0,5.940399999999954,5.870399999999954,1.9567999999999846
2021-07-02T12:30,long,2021-07-02 12:30:00+00:00,1782.2261999999998,2021-07-02 12:30:00+00:00,1778.4099999999999,stop,0.01,3.0,1779.2261999999998,0.0,-3.8161999999999807,-3.8861999999999806,-1.2953999999999934
2021-07-02T12:30,short,2021-07-02 12:30:00+00:00,1779.3938,2021-07-02 12:32:00+00:00,1782.9605000000001,stop,0.01,3.0,1782.3938,0.0,-3.5667000000000826,-3.6367000000000824,-1.2122333333333608
2021-08-06T12:30,short,2021-08-06 12:30:00+00:00,1798.0689000000002,2021-08-06 12:31:00+00:00,1794.1370000000002,stop,0.01,3.0,1793.4930000000002,0.0,3.9319000000000415,3.8619000000000416,1.2873000000000139
2021-09-03T12:30,long,2021-09-03 12:30:00+00:00,1816.2151,2021-09-03 12:34:00+00:00,1824.3844,stop,0.01,3.0,1825.022,0.0,8.169300000000021,8.09930000000002,2.6997666666666738
2021-10-01T12:30,short,2021-10-01 12:30:00+00:00,1752.1063000000001,2021-10-01 12:32:00+00:00,1755.3304,stop,0.01,3.0,1755.1063000000001,0.0,-3.2240999999999076,-3.2940999999999074,-1.0980333333333026
2021-10-01T12:30,long,2021-10-01 12:30:00+00:00,1753.8356999999999,2021-10-01 12:54:00+00:00,1756.2752,stop,0.01,3.0,1756.468,0.0,2.43950000000018,2.3695000000001802,0.7898333333333935
2021-11-05T12:30,long,2021-11-05 12:30:00+00:00,1793.5639999999999,2021-11-05 12:30:00+00:00,1789.9569999999999,stop,0.01,3.0,1790.5639999999999,0.0,-3.606999999999971,-3.6769999999999707,-1.225666666666657
2021-11-05T12:30,short,2021-11-05 12:30:00+00:00,1791.15,2021-11-05 12:35:00+00:00,1789.7932,stop,0.01,3.0,1789.47,0.0,1.356800000000021,1.286800000000021,0.4289333333333403
2021-12-03T13:30,long,2021-12-03 13:30:00+00:00,1771.3229,2021-12-03 13:31:00+00:00,1773.6815,stop,0.01,3.0,1774.176,0.0,2.358600000000024,2.288600000000024,0.7628666666666747
2022-01-07T13:30,long,2022-01-07 13:30:00+00:00,1789.9873,2022-01-07 13:36:00+00:00,1789.3247000000001,stop,0.01,3.0,1790.073,0.0,-0.662599999999884,-0.732599999999884,-0.24419999999996134
2022-02-04T13:30,long,2022-02-04 13:30:00+00:00,1814.5596999999998,2022-02-04 13:30:00+00:00,1810.745,stop,0.01,3.0,1811.5596999999998,0.0,-3.8146999999999025,-3.8846999999999023,-1.2948999999999675
2022-02-04T13:30,short,2022-02-04 13:30:00+00:00,1811.7303000000002,2022-02-04 13:47:00+00:00,1800.3411999999998,stop,0.01,3.0,1800.1139999999998,0.0,11.389100000000326,11.319100000000326,3.773033333333442
2022-03-04T13:30,short,2022-03-04 13:30:00+00:00,1943.6395,2022-03-04 13:30:00+00:00,1947.034,stop,0.01,3.0,1946.6395,0.0,-3.3945000000001073,-3.464500000000107,-1.1548333333333691
2022-03-04T13:30,long,2022-03-04 13:30:00+00:00,1945.6285,2022-03-04 13:31:00+00:00,1942.3071,stop,0.01,3.0,1942.6285,0.0,-3.3214000000000397,-3.3914000000000395,-1.1304666666666798
2022-04-01T12:30,long,2022-04-01 12:30:00+00:00,1930.9802,2022-04-01 12:30:00+00:00,1927.657,stop,0.01,3.0,1927.9802,0.0,-3.3232000000000426,-3.3932000000000424,-1.1310666666666809
2022-04-01T12:30,short,2022-04-01 12:30:00+00:00,1929.1338,2022-04-01 12:42:00+00:00,1932.3229000000001,stop,0.01,3.0,1932.1338,0.0,-3.189100000000053,-3.259100000000053,-1.0863666666666842
2022-05-06T12:30,short,2022-05-06 12:31:00+00:00,1883.3558,2022-05-06 12:32:00+00:00,1886.7469,stop,0.01,3.0,1886.3558,0.0,-3.3911000000000513,-3.461100000000051,-1.153700000000017
2022-05-06T12:30,long,2022-05-06 12:30:00+00:00,1885.4557999999997,2022-05-06 12:42:00+00:00,1886.0336,stop,0.01,3.0,1886.19,0.0,0.5778000000002521,0.507800000000252,0.1692666666667507
2022-06-03T12:30,short,2022-06-03 12:30:00+00:00,1862.4297,2022-06-03 12:32:00+00:00,1865.6862999999998,stop,0.01,3.0,1865.4297,0.0,-3.256599999999935,-3.3265999999999347,-1.108866666666645
2022-06-03T12:30,long,2022-06-03 12:30:00+00:00,1864.6062999999997,2022-06-03 12:36:00+00:00,1861.3599999999997,stop,0.01,3.0,1861.6062999999997,0.0,-3.2463000000000193,-3.316300000000019,-1.1054333333333397
2022-07-01T12:30,short,2022-07-01 12:30:00+00:00,1785.6216000000002,2022-07-01 12:44:00+00:00,1788.7295000000001,stop,0.01,3.0,1788.6216000000002,0.0,-3.1078999999999724,-3.177899999999972,-1.0592999999999908
2022-07-01T12:30,long,2022-07-01 12:31:00+00:00,1787.1441,2022-07-01 13:14:00+00:00,1792.1562999999999,stop,0.01,3.0,1792.3,0.0,5.012199999999893,4.942199999999893,1.6473999999999644
2022-08-05T12:30,short,2022-08-05 12:30:00+00:00,1787.1489000000001,2022-08-05 12:34:00+00:00,1777.8381,stop,0.01,3.0,1777.4289999999999,0.0,9.3108000000002,9.240800000000199,3.080266666666733
2022-09-02T12:30,long,2022-09-02 12:30:00+00:00,1706.8643,2022-09-02 12:31:00+00:00,1706.6779,stop,0.01,3.0,1707.1229999999998,0.0,-0.18640000000004875,-0.25640000000004876,-0.08546666666668291
2022-10-07T12:30,long,2022-10-07 12:30:00+00:00,1712.0575999999996,2022-10-07 12:30:00+00:00,1708.0499999999997,stop,0.01,3.0,1709.0575999999996,0.0,-4.007599999999911,-4.0775999999999115,-1.3591999999999704
2022-10-07T12:30,short,2022-10-07 12:30:00+00:00,1708.8424,2022-10-07 12:33:00+00:00,1709.1122,stop,0.01,3.0,1708.626,0.0,-0.269800000000032,-0.339800000000032,-0.11326666666667734
2022-11-04T12:30,short,2022-11-04 12:30:00+00:00,1648.8372,2022-11-04 12:32:00+00:00,1652.2444,stop,0.01,3.0,1651.8372,0.0,-3.4072000000001026,-3.4772000000001024,-1.1590666666667009
2022-11-04T12:30,long,2022-11-04 12:32:00+00:00,1651.3651999999997,2022-11-04 12:33:00+00:00,1647.9837999999997,stop,0.01,3.0,1648.3651999999997,0.0,-3.381399999999985,-3.451399999999985,-1.1504666666666616
2022-12-02T13:30,short,2022-12-02 13:30:00+00:00,1796.6316,2022-12-02 13:37:00+00:00,1787.7632,stop,0.01,3.0,1787.2540000000001,0.0,8.868399999999838,8.798399999999837,2.9327999999999457
2023-01-06T13:30,short,2023-01-06 13:30:00+00:00,1834.5874,2023-01-06 13:30:00+00:00,1838.433,stop,0.01,3.0,1837.5874,0.0,-3.845600000000104,-3.915600000000104,-1.3052000000000346
2023-01-06T13:30,long,2023-01-06 13:30:00+00:00,1837.4786,2023-01-06 13:37:00+00:00,1837.5491,stop,0.01,3.0,1837.858,0.0,0.0705000000000382,0.0005000000000381921,0.00016666666667939736
2023-02-03T13:30,short,2023-02-03 13:30:00+00:00,1911.6442,2023-02-03 13:32:00+00:00,1904.6923000000002,stop,0.01,3.0,1904.246,0.0,6.951899999999796,6.881899999999796,2.2939666666665985
2023-03-03T13:30,long,2023-03-03 13:30:00+00:00,1847.4089999999999,2023-03-03 14:21:00+00:00,1844.2873,stop,0.01,3.0,1844.4089999999999,0.0,-3.121699999999919,-3.1916999999999187,-1.063899999999973
2023-03-03T13:30,short,2023-03-03 13:30:00+00:00,1845.983,2023-03-03 14:30:00+00:00,1843.3829999999998,timeout,0.01,3.0,1848.983,0.0,2.6000000000001364,2.5300000000001366,0.8433333333333789
2023-05-05T12:30,short,2023-05-05 12:30:00+00:00,2031.9445,2023-05-05 12:31:00+00:00,2028.4464,stop,0.01,3.0,2027.797,0.0,3.498100000000022,3.4281000000000224,1.1427000000000074
2023-06-02T12:30,long,2023-06-02 12:30:00+00:00,1980.3317000000002,2023-06-02 12:30:00+00:00,1976.5470000000003,stop,0.01,3.0,1977.3317000000002,0.0,-3.78469999999993,-3.8546999999999296,-1.2848999999999766
2023-06-02T12:30,short,2023-06-02 12:30:00+00:00,1977.4793,2023-06-02 12:33:00+00:00,1977.239,stop,0.01,3.0,1976.7430000000002,0.0,0.2402999999999338,0.17029999999993378,0.056766666666644594
2023-07-07T12:30,long,2023-07-07 12:30:00+00:00,1923.2021,2023-07-07 12:30:00+00:00,1919.369,stop,0.01,3.0,1920.2021,0.0,-3.8331000000000586,-3.9031000000000584,-1.3010333333333528
2023-07-07T12:30,short,2023-07-07 12:30:00+00:00,1920.3359,2023-07-07 12:31:00+00:00,1923.6754,stop,0.01,3.0,1923.3359,0.0,-3.3395000000000437,-3.4095000000000435,-1.1365000000000145
2023-08-04T12:30,short,2023-08-04 12:30:00+00:00,1930.4263999999998,2023-08-04 12:30:00+00:00,1934.562,stop,0.01,3.0,1933.4263999999998,0.0,-4.135600000000068,-4.205600000000068,-1.4018666666666892
2023-08-04T12:30,long,2023-08-04 12:30:00+00:00,1933.8975999999998,2023-08-04 12:43:00+00:00,1938.5187,stop,0.01,3.0,1938.919,0.0,4.621100000000297,4.551100000000297,1.5170333333334323
2023-09-01T12:30,long,2023-09-01 12:30:00+00:00,1946.8573,2023-09-01 12:33:00+00:00,1949.0992999999999,stop,0.01,3.0,1949.309,0.0,2.241999999999962,2.171999999999962,0.7239999999999873
2023-10-06T12:30,long,2023-10-06 12:30:00+00:00,1821.3271999999997,2023-10-06 12:30:00+00:00,1817.3369999999998,stop,0.01,3.0,1818.3271999999997,0.0,-3.990199999999959,-4.060199999999959,-1.3533999999999864
2023-10-06T12:30,short,2023-10-06 12:30:00+00:00,1818.1468,2023-10-06 12:35:00+00:00,1814.8155999999997,stop,0.01,3.0,1814.3849999999998,0.0,3.331200000000308,3.2612000000003083,1.0870666666667694
2023-11-03T12:30,long,2023-11-03 12:30:00+00:00,1990.3984999999998,2023-11-03 12:50:00+00:00,2000.3361,stop,0.01,3.0,2000.607,0.0,9.937600000000202,9.867600000000202,3.289200000000067
2023-12-01T13:30,long,2023-12-01 13:30:00+00:00,2039.1094999999996,2023-12-01 13:35:00+00:00,2035.9959999999996,stop,0.01,3.0,2036.1094999999996,0.0,-3.113499999999931,-3.1834999999999307,-1.0611666666666435
2023-12-01T13:30,short,2023-12-01 13:30:00+00:00,2037.6385,2023-12-01 14:30:00+00:00,2036.0279999999998,timeout,0.01,3.0,2040.6385,0.0,1.6105000000002292,1.5405000000002291,0.5135000000000763
2024-01-05T13:30,short,2024-01-05 13:30:00+00:00,2037.4873,2024-01-05 13:32:00+00:00,2028.5535,stop,0.01,3.0,2028.179,0.0,8.93380000000002,8.863800000000019,2.9546000000000063
2024-02-02T13:30,long,2024-02-02 13:30:00+00:00,2054.4330999999997,2024-02-02 13:30:00+00:00,2050.2169999999996,stop,0.01,3.0,2051.4330999999997,0.0,-4.216100000000097,-4.286100000000097,-1.4287000000000323
2024-02-02T13:30,short,2024-02-02 13:30:00+00:00,2050.8008999999997,2024-02-02 13:31:00+00:00,2045.5477000000003,stop,0.01,3.0,2044.9420000000002,0.0,5.253199999999424,5.183199999999424,1.7277333333331413
2024-03-01T13:30,short,2024-03-01 13:30:00+00:00,2051.1546,2024-03-01 13:34:00+00:00,2054.2713999999996,stop,0.01,3.0,2054.1546,0.0,-3.1167999999997846,-3.1867999999997845,-1.0622666666665947
2024-03-01T13:30,long,2024-03-01 13:30:00+00:00,2052.5674,2024-03-01 14:30:00+00:00,2054.305,timeout,0.01,3.0,2053.215,0.0,1.7375999999999294,1.6675999999999294,0.5558666666666431
2024-04-05T12:30,short,2024-04-05 12:30:00+00:00,2294.0293,2024-04-05 12:31:00+00:00,2287.0431,stop,0.01,3.0,2286.466,0.0,6.986200000000281,6.916200000000281,2.3054000000000934
2024-05-03T12:30,long,2024-05-03 12:30:00+00:00,2299.06,2024-05-03 12:31:00+00:00,2315.3255,stop,0.01,3.0,2315.9665,0.0,16.265499999999975,16.195499999999974,5.398499999999991
2024-06-07T12:30,long,2024-06-07 12:30:00+00:00,2336.535,2024-06-07 12:30:00+00:00,2331.535,stop,0.01,3.0,2333.535,0.0,-5.0,-5.07,-1.6900000000000002
2024-06-07T12:30,short,2024-06-07 12:30:00+00:00,2331.335,2024-06-07 12:32:00+00:00,2319.2639000000004,stop,0.01,3.0,2318.8905000000004,0.0,12.07109999999966,12.00109999999966,4.000366666666554
2024-07-05T12:30,short,2024-07-05 12:30:00+00:00,2364.114,2024-07-05 12:31:00+00:00,2368.0002,stop,0.01,3.0,2367.114,0.0,-3.886199999999917,-3.956199999999917,-1.3187333333333056
2024-07-05T12:30,long,2024-07-05 12:31:00+00:00,2368.2001999999998,2024-07-05 12:34:00+00:00,2370.3445,stop,0.01,3.0,2370.6705,0.0,2.144300000000385,2.074300000000385,0.6914333333334617
2024-08-02T12:30,long,2024-08-02 12:30:00+00:00,2459.0827,2024-08-02 12:31:00+00:00,2469.7806,stop,0.01,3.0,2470.377,0.0,10.697900000000118,10.627900000000118,3.5426333333333724
2024-09-06T12:30,short,2024-09-06 12:30:00+00:00,2514.1775,2024-09-06 12:30:00+00:00,2518.9359999999997,stop,0.01,3.0,2517.1775,0.0,-4.758499999999913,-4.828499999999913,-1.609499999999971
2024-09-06T12:30,long,2024-09-06 12:30:00+00:00,2518.8985,2024-09-06 12:38:00+00:00,2525.2442,stop,0.01,3.0,2525.697,0.0,6.345700000000306,6.275700000000306,2.091900000000102
2024-10-04T12:30,long,2024-10-04 12:30:00+00:00,2659.4163999999996,2024-10-04 12:30:00+00:00,2654.6349999999998,stop,0.01,3.0,2656.4163999999996,0.0,-4.781399999999849,-4.851399999999849,-1.617133333333283
2024-10-04T12:30,short,2024-10-04 12:30:00+00:00,2654.6536,2024-10-04 12:33:00+00:00,2643.7374,stop,0.01,3.0,2643.268,0.0,10.916200000000117,10.846200000000117,3.615400000000039
2024-11-01T12:30,short,2024-11-01 12:30:00+00:00,2749.3699,2024-11-01 12:30:00+00:00,2753.357,stop,0.01,3.0,2752.3699,0.0,-3.9870999999998276,-4.057099999999828,-1.3523666666666092
2024-11-01T12:30,long,2024-11-01 12:30:00+00:00,2752.5440999999996,2024-11-01 12:41:00+00:00,2756.0376,stop,0.01,3.0,2756.272,0.0,3.4935000000004948,3.423500000000495,1.1411666666668316
2024-12-06T13:30,long,2024-12-06 13:30:00+00:00,2636.8831,2024-12-06 13:31:00+00:00,2632.9873,stop,0.01,3.0,2633.8831,0.0,-3.8958000000002357,-3.9658000000002356,-1.3219333333334118
2024-12-06T13:30,short,2024-12-06 13:31:00+00:00,2633.8862,2024-12-06 13:32:00+00:00,2637.4847,stop,0.01,3.0,2636.8862,0.0,-3.598500000000058,-3.668500000000058,-1.2228333333333528
2025-01-03T13:30,long,2025-01-03 13:30:00+00:00,2650.4017999999996,2025-01-03 13:38:00+00:00,2647.0653999999995,stop,0.01,3.0,2647.4017999999996,0.0,-3.3364000000001397,-3.4064000000001395,-1.1354666666667133
2025-01-03T13:30,short,2025-01-03 13:31:00+00:00,2648.7122999999997,2025-01-03 13:45:00+00:00,2647.5589,stop,0.01,3.0,2647.31,0.0,1.1533999999996922,1.0833999999996922,0.3611333333332307
2025-02-07T13:30,long,2025-02-07 13:30:00+00:00,2866.2232999999997,2025-02-07 13:30:00+00:00,2862.1654999999996,stop,0.01,3.0,2863.2232999999997,0.0,-4.057800000000043,-4.127800000000043,-1.3759333333333477
2025-02-07T13:30,short,2025-02-07 13:30:00+00:00,2862.9076999999997,2025-02-07 13:33:00+00:00,2857.0047999999997,stop,0.01,3.0,2856.4655,0.0,5.902900000000045,5.832900000000045,1.944300000000015
2025-03-07T13:30,short,2025-03-07 13:30:00+00:00,2910.5002999999997,2025-03-07 13:30:00+00:00,2914.526,stop,0.01,3.0,2913.5002999999997,0.0,-4.025700000000143,-4.095700000000143,-1.365233333333381
2025-03-07T13:30,long,2025-03-07 13:30:00+00:00,2913.7517,2025-03-07 13:31:00+00:00,2915.3704,stop,0.01,3.0,2916.133,0.0,1.6186999999999898,1.5486999999999898,0.5162333333333299
2025-04-04T12:30,short,2025-04-04 12:30:00+00:00,3094.8810999999996,2025-04-04 12:30:00+00:00,3099.4855,stop,0.01,3.0,3097.8810999999996,0.0,-4.604400000000169,-4.674400000000169,-1.5581333333333898
2025-04-04T12:30,long,2025-04-04 12:30:00+00:00,3099.2898999999998,2025-04-04 12:31:00+00:00,3095.3333999999995,stop,0.01,3.0,3096.2898999999998,0.0,-3.956500000000233,-4.026500000000233,-1.3421666666667444
2025-05-02T12:30,long,2025-05-02 12:30:00+00:00,3260.9936999999995,2025-05-02 12:30:00+00:00,3256.9449999999997,stop,0.01,3.0,3257.9936999999995,0.0,-4.048699999999826,-4.118699999999826,-1.372899999999942
2025-05-02T12:30,short,2025-05-02 12:30:00+00:00,3257.6963,2025-05-02 12:31:00+00:00,3255.6974,stop,0.01,3.0,3254.982,0.0,1.9989000000000487,1.9289000000000487,0.6429666666666829
2025-06-06T12:30,long,2025-06-06 12:30:00+00:00,3360.7736999999997,2025-06-06 12:30:00+00:00,3356.631,stop,0.01,3.0,3357.7736999999997,0.0,-4.142699999999877,-4.212699999999877,-1.4042333333332924
2025-06-06T12:30,short,2025-06-06 12:30:00+00:00,3357.2843000000003,2025-06-06 12:31:00+00:00,3354.7868000000003,stop,0.01,3.0,3354.1440000000002,0.0,2.4974999999999454,2.4274999999999456,0.8091666666666485
2025-07-03T12:30,short,2025-07-03 12:30:00+00:00,3347.296,2025-07-03 12:39:00+00:00,3319.7839,stop,0.01,3.0,3319.272,0.0,27.51209999999992,27.44209999999992,9.14736666666664
2025-08-01T12:30,long,2025-08-01 12:30:00+00:00,3303.8777,2025-08-01 12:39:00+00:00,3330.8793,stop,0.01,3.0,3331.261,0.0,27.001600000000053,26.931600000000053,8.977200000000018
2025-09-05T12:30,long,2025-09-05 12:30:00+00:00,3557.5797,2025-09-05 12:34:00+00:00,3575.4308,stop,0.01,3.0,3575.875,0.0,17.851100000000315,17.781100000000315,5.927033333333438
2025-11-20T13:30,long,2025-11-20 13:30:00+00:00,4088.634,2025-11-20 13:30:00+00:00,4083.634,stop,0.01,3.0,4085.634,0.0,-5.0,-5.07,-1.6900000000000002
2025-11-20T13:30,short,2025-11-20 13:30:00+00:00,4083.434,2025-11-20 13:31:00+00:00,4087.1867,stop,0.01,3.0,4086.434,0.0,-3.7527000000000044,-3.822700000000004,-1.2742333333333347
2025-12-18T13:30,long,2025-12-18 13:30:00+00:00,4323.045900000001,2025-12-18 13:31:00+00:00,4326.888800000001,stop,0.01,3.0,4327.551,0.0,3.842899999999645,3.772899999999645,1.257633333333215
2026-01-09T13:30,long,2026-01-09 13:30:00+00:00,4475.2258,2026-01-09 13:30:00+00:00,4470.627,stop,0.01,3.0,4472.2258,0.0,-4.5987999999997555,-4.668799999999756,-1.5562666666665852
2026-01-09T13:30,short,2026-01-09 13:30:00+00:00,4470.8282,2026-01-09 13:31:00+00:00,4474.7543,stop,0.01,3.0,4473.8282,0.0,-3.9260999999996784,-3.9960999999996782,-1.3320333333332262
2026-02-06T13:30,long,2026-02-06 13:30:00+00:00,4910.8893,2026-02-06 13:33:00+00:00,4922.9809000000005,stop,0.01,3.0,4923.628000000001,0.0,12.091600000000653,12.021600000000653,4.007200000000218
2026-03-06T13:30,long,2026-03-06 13:30:00+00:00,5085.92,2026-03-06 13:31:00+00:00,5114.2642000000005,stop,0.01,3.0,5116.1050000000005,0.0,28.344200000000455,28.274200000000455,9.424733333333485
2026-05-01T12:30,long,2026-05-01 12:30:00+00:00,4604.1392000000005,2026-05-01 12:30:00+00:00,4600.709000000001,stop,0.01,3.0,4601.1392000000005,0.0,-3.430199999999786,-3.500199999999786,-1.166733333333262
2026-05-01T12:30,short,2026-05-01 12:30:00+00:00,4602.0788,2026-05-01 12:36:00+00:00,4600.3207,stop,0.01,3.0,4600.015,0.0,1.758100000000013,1.688100000000013,0.5627000000000043
2026-06-05T12:30,long,2026-06-05 12:30:00+00:00,4467.7718,2026-06-05 12:30:00+00:00,4462.813,stop,0.01,3.0,4464.7718,0.0,-4.958800000000338,-5.028800000000338,-1.6762666666667794
2026-06-05T12:30,short,2026-06-05 12:30:00+00:00,4462.4092,2026-06-05 12:33:00+00:00,4454.7191,stop,0.01,3.0,4454.157,0.0,7.690099999999802,7.620099999999802,2.5400333333332674
2026-07-02T12:30,short,2026-07-02 12:30:00+00:00,4062.75,2026-07-02 12:30:00+00:00,4067.75,stop,0.01,3.0,4065.75,0.0,-5.0,-5.07,-1.6900000000000002
2026-07-02T12:30,long,2026-07-02 12:30:00+00:00,4067.95,2026-07-02 12:31:00+00:00,4112.1206,stop,0.01,3.0,4114.059,0.0,44.17060000000038,44.10060000000038,14.700200000000125
2026-08-07T12:30,short,2026-08-07 12:30:00+00:00,4304.56,2026-08-07 12:30:00+00:00,4309.56,stop,0.01,3.0,4307.56,0.0,-5.0,-5.07,-1.6900000000000002
2026-08-07T12:30,long,2026-08-07 12:30:00+00:00,4309.760000000001,2026-08-07 12:31:00+00:00,4349.460500000001,stop,0.01,3.0,4350.790000000001,0.0,39.70049999999992,39.63049999999992,13.21016666666664
